schluessel;wert;anmerkung
archiv_name;Stadtarchiv Krems an der Donau;Vollständiger Name, u. a. im Footer und Kontaktblock
archiv_kurzname;Stadtarchiv Krems;Kurzform, u. a. für Seitentitel und Logo-Beschriftung für Screenreader
seitentitel;Interface Stadtarchiv Krems;Titel im Browser-Tab
logo_datei;logo.svg;Dateiname des Logos im Ordner data/ (SVG oder PNG)
logo_untertitel;Stadtarchiv;Text neben dem Logo in der Kopfzeile
favicon_datei;favicon.svg;Dateiname der quadratischen Favicon-SVG-Datei im Ordner data/. Bleibt leer, wird kein Favicon gesetzt.
favicon_png_datei;favicon-32.png;Dateiname des 32×32-PNG-Rückfalls im Ordner data/ für Browser ohne SVG-Favicon-Unterstützung
apple_touch_icon_datei;apple-touch-icon.png;Dateiname des 180×180-PNG-Symbols im Ordner data/ für Mobilgeräte-Startbildschirme, ohne Transparenz (iOS stellt transparente Bereiche sonst schwarz dar)
adresse_strasse;Körnermarkt 14;
adresse_ort;3500 Krems an der Donau;
telefon;0 27 32 / 801 578;Anzeigeform
telefon_international;+432732801578;Für den Anruf-Link. Im bisherigen Code fehlte eine Ziffer (+43273280157).
email;stadtarchiv@krems.gv.at;
website;www.krems.gv.at/stadtarchiv;Anzeigeform
website_link;https://www.krems.gv.at/stadtarchiv;
akzentfarbe;#2c4a6e;Hauptfarbe der Oberfläche (derzeit in css/base.css). Kontrast zu Weiß mindestens 4,5:1.
karte_zentrum_lat;48.42;Startmittelpunkt der Karten (Breitengrad, Dezimalpunkt)
karte_zentrum_lon;15.6;Startmittelpunkt der Karten (Längengrad, Dezimalpunkt)
karte_zoom;7;Startzoomstufe der Karten
footer_text;Interface des Stadtarchivs Krems. Prototyp im Rahmen einer Masterarbeit (Historische Hilfswissenschaften und Archivwissenschaft, Universität Wien).;Fußzeile aller Seiten außer der Startseite
dynastie_familien;habsburg|spanische_habsburger|habsburg_tirol|habsburg_lothringen;Werte der Spalte familie in familien.csv, die zur Herrscherfamilie gehören (mehrere mit senkrechtem Strich). Nur wenn mindestens eine Person dazu gehört, wird der Zeitleisten-Stammbaum angeboten. Reihenfolge = Farbabstufung der Zweige.
dynastie_name;Habsburg;Name der Herrscherfamilie in den Texten des Zeitleisten-Stammbaums (z. B. „des Hauses Habsburg“)
dynastie_gruppenname;Dynastie (Habsburger);Name der Gruppe Dynastie in Chord-Diagramm und Bipartite Flow Map. Leer: „Dynastie“
regest_quellenvermerk;Source Regest|Quelle Regest;Vermerk, ab dem ein Regest-Text in der Wortwolke nicht mehr gezählt wird (Quellenangabe), jeweils gefolgt von einem Doppelpunkt. Mehrere Schreibweisen mit senkrechtem Strich. Leer: ganzes Regest zählt
