modul_id;aria_label;text;anmerkung
adjazenzmatrix;Erklärung zur Adjazenzmatrix;Diese Matrix zeigt, wie oft zwei Personen gemeinsam in derselben Urkunde genannt werden. Dargestellt sind die 40 Personen mit den meisten Verbindungen. Eine dunklere Zelle bedeutet häufigere gemeinsame Nennung. Gemeinsame Nennung bedeutet zunächst nur dokumentarische Ko-Präsenz, nicht automatisch eine persönliche, politische oder verwandtschaftliche Beziehung.;
bipartiteFlowMap;Erklärung zur Orte-Tortendiagramm-Karte;Diese Ansicht zeigt jeden in den Urkunden genannten Ort als Tortendiagramm: vier Segmente für die sozialen Gruppen Dynastie/Habsburger, Adel, Klerus und Bürgertum (dieselbe Heuristik wie im Chord-Diagramm der Personen-Ansicht - keine belegte historische Klassifikation, sondern eine Näherung, siehe dortige Erläuterung für Details). Die Kreisgröße zeigt die Gesamtzahl aller Verbindungen an diesem Ort, die Segmentanteile die Verteilung auf die vier Gruppen. Klick auf einen Knoten vergrößert ihn und öffnet die zugehörigen Urkunden (Klick auf ein Segment: nur die Urkunden dieser Gruppe, Klick auf den restlichen Knoten: alle Urkunden des Ortes), Klick auf freie Kartenfläche setzt die Vergrößerung zurück. Die vier Buttons oben links heben Orte hervor, an denen die jeweilige Gruppe den höchsten Einzelwert der vier hat (Pluralitätsregel - die relativ häufigste Gruppe genügt, eine strenge Mehrheit über 50% ist nicht nötig).;
bumpChart;Erklärung zum Bump Chart;"Dieses Bump Chart zeigt, wie sich der Rang der Wirtschaftssektoren nach Anzahl der Bürgeraufnahmen von Jahrzehnt zu Jahrzehnt verändert - Rang 1 ist der jeweils häufigste Sektor in diesem Jahrzehnt.|„Beruf nicht angegeben"" wird dabei ganz regulär mitgerankt, nicht ausgeblendet. Eine Lücke in einer Linie bedeutet: dieser Sektor hatte in diesem Jahrzehnt keine einzige Bürgeraufnahme.|Bewegen der Maus über eine Linie hebt sie hervor, ein Klick friert diese Hervorhebung ein (bleibt auch nach dem Wegbewegen der Maus bestehen, erneuter Klick löst sie wieder); ein Klick auf die freie Fläche setzt die Hervorhebung zurück.";
chordDiagramm;Erklärung zum Chord-Diagramm;"Dieses Diagramm zeigt, wie oft Personen aus vier sozialen Gruppen – Dynastie (Habsburger), Adel, Klerus und Bürgertum – gemeinsam in Urkunden genannt werden. Die Gruppenzuordnung basiert auf einer eigens entwickelten Heuristik (erkennbare Titelwörter im Namen, Abgleich mit der Habsburger-Stammbaumdatei, sowie eine recherchierte Liste bekannter Adelsfamilien) – sie ist keine belegte historische Klassifikation der einzelnen Personen, sondern eine Näherung. Personen ohne erkennbaren Titel oder bekannten Adelsnamen werden als „Bürger"" eingeordnet, was echten, nicht erkennbaren niederen Adel unterschätzen kann.";
circlePacking;Erklärung zum Circle Packing;Diese Darstellung zeigt die Bestände als ineinander verschachtelte Kreise: ein großer Kreis pro Kategorie, darin die einzelnen Bestände. Die Kreisgröße entspricht dem Umfang in Laufmetern.|Klick auf eine Kategorie zeigt deren Bestände, Klick auf einen einzelnen Bestand öffnet die Detailansicht in der Seitenleiste.;
dotPlot;Erklärung zum Dot Plot;"Dieser Dot Plot zeigt, wie sich die Urkunden über die Zeit und nach Kategorie verteilen. Jede Punktreihe entspricht einer Kategorie, die x-Achse dem Jahr der Urkunde - je dichter die Punkte an einer Stelle, desto mehr Urkunden wurden in diesem Zeitraum dieser Kategorie zugeordnet.|„(ohne Kategorie)"" fasst Urkunden ohne zugeordnete Kategorie in einer eigenen Zeile zusammen, statt sie auszublenden. Urkunden ohne auswertbares Jahr erscheinen im grau hinterlegten Bereich unten.|Klick auf einen Punkt öffnet die Detailansicht der jeweiligen Urkunde in der Seitenleiste.|Ziehen verschiebt die Zeitachse, Strg+Mausrad bzw. Trackpad-Pinch zoomt hinein oder heraus; die Buttons +/−/⟷ links neben diesem Info-Button bieten dieselbe Funktion für Tastatur und Touch.";
familienbaum;Erklärung zum Familienbaum anzeigen;Dieser Zeitleisten-Stammbaum zeigt das Haus Habsburg von Rudolf I. bis Joseph II., einschließlich Ehepartnern und Kindern. Die Länge jedes Balkens entspricht der Lebensspanne der Person. Bei Kaisern und Königen aus eigenem Recht ist nur der Zeitraum ihrer tatsächlichen Herrschaft farblich hervorgehoben, nicht die gesamte Lebenszeit.;Farblegende wird zusätzlich vom Code erzeugt.
ganttDiagramm;Erklärung zum Gantt-Diagramm;"Dieses Diagramm zeigt den zeitlichen Entstehungs- bzw. Laufzeitraum jedes Bestands als horizontalen Balken entlang der Zeitachse. Die Farbe zeigt die zugeordnete Kategorie.|Klick auf einen Balken öffnet die Detailansicht des jeweiligen Bestands in der Seitenleiste.|Ziehen verschiebt die Zeitachse, Strg+Mausrad bzw. Trackpad-Pinch zoomt hinein oder heraus; die Buttons +/−/⟷ in der Werkzeugleiste bieten dieselbe Funktion für Tastatur und Touch.";
icicle;Erklärung zum Icicle-Diagramm;Dieses Icicle-Diagramm zeigt die Bestände als gestapelte, horizontale Ebenen: Kategorie, Unterkategorie und einzelner Bestand. Die Breite jedes Abschnitts entspricht seinem Umfang in Laufmetern.|Klick auf eine Kategorie oder Unterkategorie führt weiter in die nächste Ebene, Klick auf einen einzelnen Bestand öffnet die Detailansicht in der Seitenleiste.;
kalenderHeatmap;Erklärung zur Kalender-Heatmap;"Diese Heatmap zeigt, an welchen Kalendertagen bzw. in welchen Jahrzehnten die meisten Urkunden ausgestellt wurden. Je dunkler ein Feld, desto mehr Urkunden fallen auf dieses Datum (alle Jahre zusammengefasst).|Über die Umschaltung „Monat × Tag"" / „Jahrzehnt × Monat"" lässt sich die Darstellung wechseln. Der Zeitregler grenzt die Anzeige auf einen bestimmten Jahrzehnt-Bereich ein. Klick auf ein Feld öffnet die Liste der Urkunden dieses Datums.";
karte;Erklärung zur Karte;"Diese Karte zeigt alle in den Urkunden genannten Orte. Die Größe eines Punktes entspricht der Häufigkeit der Nennungen. Ein gestrichelter Rand kennzeichnet Orte mit unsicherer Identifizierung.|Wichtig: Ein genannter Ort bedeutet nicht zwingend, dass die Urkunde dort ausgestellt wurde oder ein Ereignis dort stattfand – die Karte zeigt Ortsnennungen, keine Ausstellungsorte oder Reisewege.|Urkunden ohne erkennbaren Ort werden hier nicht dargestellt. Der Zeitregler grenzt die Karte auf einen Jahrzehnt-Zeitraum ein; „Unsicherheiten anzeigen"" blendet stattdessen ausschließlich Orte mit unsicherer Identifizierung ein (mit Liste in der Seitenleiste, inklusive der Orte ohne jede Koordinate) – beide lassen sich nicht gleichzeitig nutzen.";
korrelationsmatrix;Erklärung zur Korrelationsmatrix;Diese Matrix zeigt die Spearman-Rangkorrelation zwischen acht Vermögenskennzahlen je Person aus den Verlassenschaftsinventaren (Realvermögen, Gesamtvermögen sowie sechs Anteilswerte in Prozent - SchzG und SchvG jeweils an den Aktiva, Grundstücke, Bargeld, Wertgegenstände und Sonderbestand jeweils am Realvermögen). Blaue Zellen zeigen einen positiven, rote Zellen einen negativen Zusammenhang - je kräftiger die Farbe, desto stärker der Zusammenhang.|Die Rangkorrelation statt der gebräuchlicheren Pearson-Korrelation wurde gewählt, weil die Stichprobe klein ist (67 Personen) und einzelne Werte stark ausreißen - eine Rangkorrelation reagiert darauf robuster.|Fehlende Werte werden paarweise ausgeschlossen, die tatsächliche Stichprobengröße (N) steht im Tooltip jeder Zelle. Klick auf eine Zelle öffnet ein Streudiagramm der beiden gewählten Variablen.;
marimekkoVerlassenschaften;Erklärung zum Marimekko der Verlassenschaften;Dieses Marimekko zeigt, wie sich das Realvermögen der Verlassenschaftsinventare je Vermögensgruppe (A = verschuldet bis E = Oberschicht, nach Dietrichs Klassifikation) zusammensetzt. Die Spaltenbreite entspricht der Summe des Realvermögens der jeweiligen Gruppe, die Segmenthöhe der Vermögenszusammensetzung.|Grundstücke, Bargeld, Wertgegenstände und beruflicher Sonderbestand sind die vier von Dietrich quantitativ ausgewerteten Kategorien. Der verbleibende Anteil entfällt auf übrige Mobilien (Textilien, Geschirr, Möbel und sonstige Alltagsgegenstände) – diese wurden bewusst nicht in die Prozentrechnung einbezogen, da ihre uneinheitliche historische Verbuchung (z. B. Hauerzubehör mal als Fahrnis, mal als Handelslager) die quantitative Auswertung verzerrt hätte. Dietrich untersucht diese Gegenstände stattdessen qualitativ in einem eigenen Kapitel seiner Arbeit.;
parallelKoordinaten;Erklärung zu den Parallelkoordinaten;"Jede Linie zeigt das Vermögensprofil eines Verlassenschaftsinventars: von der Höhe des Realvermögens über dessen Zusammensetzung bis zum Gesamtergebnis. Die vier Anteilswerte summieren sich nicht auf 100 % - es sind ausgewählte, keine vollständigen Bestandteile. Über den Umschalter lässt sich zusätzlich ein Forderungs-/Schuldenprofil einblenden: SchzG (""Schulden zum Gut"") zeigt Forderungen des Erblassers, SchvG (""Schulden vom Gut"") die aus der Erbmasse zu begleichenden Verbindlichkeiten.|Die Einteilung in die Vermögensgruppen A-E folgt der Klassifikation von Max Roman Dietrich (Masterarbeit ""Verlassenschaftsinventare in Krems und Stein zwischen 1671 und 1719""). Die Inventare erfassen nahezu ausschließlich die besitzende Bürgerschaft - die besitzlose Unterschicht, die etwa die Hälfte der Stadtbevölkerung ausmachte, ist darin nicht vertreten.";
personenliste;Erklärung zur Personenliste;Diese Liste zeigt alle in den Quellen erfassten Personen mit ihren Schreibvarianten, der Herkunftsquelle sowie erster und letzter Nennung. Klick auf eine Spaltenüberschrift sortiert die Liste danach.|Die Sortierung nach Name folgt einer vereinfachten Heuristik (letzter erkennbarer Namensbestandteil nach Entfernen von Titeln, Herkunftsangaben und Verwandtschaftszusätzen) – bei uneinheitlicher historischer Schreibweise ist eine zuverlässige Trennung von Vor- und Nachname nicht in allen Fällen möglich.;
personennetzwerk;Erklärung zum Personennetzwerk;"Dieses Personennetzwerk zeigt Bürgschaftsbeziehungen aus dem Bürgerbuch: ein Knoten ist eine Person (unabhängig davon, ob sie hier als aufgenommener Bürger, als Bürge oder als beides vorkommt), eine Kante eine Bürgschaftsbeziehung. Die Farbe zeigt den Wirtschaftssektor der Person.|Da alle 540 Beziehungen gleichzeitig unlesbar wären, zeigt die Übersicht ohne Auswahl nur die am dichtesten vernetzten Personen und ihre direkten Verbindungen.|Klick auf eine Person (oder die Suche oben) zeigt stattdessen deren vollständiges direktes Beziehungsnetz - „Übersicht"" oben kehrt zurück.";
regestenKachelraster;Erklärung zum Regesten-Kachelraster anzeigen;"Dieses Kachelraster zeigt die Urkunden des Stadtarchivs Krems als kurze Zusammenfassungen (Regesten). Jede Kachel enthält Datum, Ort, beteiligte Personen und thematische Kategorien einer einzelnen Urkunde.|Klick auf eine Kachel zeigt den vollständigen Text sowie vorhandene Fotos der Urkunde. Über die Suche lässt sich nach Signatur, Ort, Person oder Stichwort filtern, über das Kategorie-Menü nach Themenbereich. Der Button „Unsicherheiten anzeigen"" blendet nur jene Urkunden ein, bei denen Datierung, Ort oder beteiligte Personen nicht sicher überliefert sind – inklusive einer kurzen Begründung.";
sankey;Erklärung zum Sankey;"Dieser Sankey zeigt, welche Orte in Urkunden welcher Kategorie am häufigsten genannt werden: links die Urkunden-Kategorien, rechts die Orte mit mindestens {ORT_BUENDELUNG_SCHWELLE} Nennungen - alle übrigen sind unter ""Andere Orte"" zusammengefasst. Kategorien mit weniger als {KATEGORIE_BUENDELUNG_SCHWELLE} Urkunden sind unter ""{ANDERE_KATEGORIEN}"" gebündelt. Beide Tooltips auf einem Sammelknoten listen die häufigsten enthaltenen Namen einzeln auf.|Urkunden ohne Kategorie bzw. ohne Ortsangabe werden erst über ""Unsicherheiten anzeigen"" eingeblendet - nur ihre Bänder sind dann gestrichelt gekennzeichnet.|Die Breite eines Bandes zeigt, wie viele Urkunden diese Kategorie mit diesem Ort verbinden. Die Farbe folgt der Kategorie.|Klick auf einen Knoten oder ein Band hebt dessen Verbindungen dauerhaft hervor (erneuter Klick, Klick auf die freie Fläche oder Escape setzen das zurück).";Platzhalter in geschweiften Klammern werden vom Code eingesetzt (ORT_BUENDELUNG_SCHWELLE, KATEGORIE_BUENDELUNG_SCHWELLE, ANDERE_KATEGORIEN).
streamgraph;Erklärung zum Streamgraph;"Diese Ansicht zeigt die zeitliche Entwicklung der Bürgeraufnahmen je Wirtschaftssektor als organisch geschichtete Flächen. Im Unterschied zu Trellis (getrennte Panels) und Bump Chart (Rangverschiebung) lässt sich hier die relative Größenveränderung der Sektoren im Fluss der Zeit erfassen. „Beruf nicht angegeben"" ist als eigene Schicht enthalten, da dieses Feld bei 1.250 von 2.791 Einträgen fehlt.";
sunburst;Erklärung zum Sunburst;Dieser Sunburst zeigt dieselben Bestände wie die Treemap, nur radial angeordnet: Kategorien bilden den innersten Ring, Unterkategorien den mittleren, einzelne Bestände den äußersten. Die Größe eines Segments entspricht dem Umfang des Bestands in Laufmetern.|Klick auf ein Segment in jedem der drei Ringe zoomt in die zugehörige Kategorie, ein Klick auf das Zentrum führt zurück. Klick auf einen einzelnen Bestand öffnet die Detailansicht in der Seitenleiste.;
treemap;Erklärung zur Treemap;Diese Treemap zeigt die Bestände des Stadtarchivs Krems als verschachtelte Flächen, gruppiert nach Kategorien (BKK-Dokumentationsprofil). Die Größe jeder Fläche entspricht dem Umfang des jeweiligen Bestands in Laufmetern.|Klick auf eine Kategorie zoomt in deren Bestände hinein, ein weiterer Klick führt zurück zur Gesamtübersicht. Klick auf einen einzelnen Bestand öffnet die Detailansicht in der Seitenleiste.;
trellis;Erklärung zum Trellis;"Dieser Trellis zeigt für jeden Wirtschaftssektor ein eigenes kleines Diagramm: die x-Achse ist das Jahr, die y-Achse die Anzahl der Bürgeraufnahmen in diesem Jahr. Alle Diagramme nutzen dieselbe y-Skala, damit die Sektoren fair miteinander vergleichbar bleiben.|„Beruf nicht angegeben"" fasst Bürgeraufnahmen ohne vermerkten Beruf/Sektor in einem eigenen Panel zusammen, statt sie auszublenden.|Gestrichelter roter Rand kennzeichnet Jahre mit mindestens einer unsicheren Datums- oder Berufsangabe.";
verbindungskarte;Erklärung zur Verbindungskarte;Diese Karte zeigt, welche Orte gemeinsam in derselben Urkunde genannt werden. Eine Verbindungslinie zwischen zwei Orten bedeutet, dass beide in mindestens einer gemeinsamen Urkunde vorkommen – nicht, dass zwischen ihnen eine tatsächliche Reise- oder Handelsbeziehung bestand.;
vermoegensschichtung;Erklärung zur Vermögensschichtung;Diese Ansicht zeigt, wie sich die Verlassenschaftsinventare auf die Vermögensgruppen A (verschuldet) bis E (Oberschicht) verteilen - je ein Diagramm pro untersuchtem Jahrzehnt, nach Dietrichs Klassifikation. Über den Schalter lässt sich die Verteilung zusätzlich nach Ort oder geschätztem Geschlecht aufschlüsseln, um etwa die wirtschaftliche Entwicklung Steins oder geschlechtsspezifische Vermögensmuster sichtbar zu machen.;
wortwolke;Erklärung zur Wortwolke;"Diese Wortwolke zeigt die häufigsten Begriffe aus den Regesten-Texten – je größer ein Wort, desto häufiger kommt es vor. Hinweis: Regesten enthalten oft wiederkehrende Quellenangaben und Formelsprache; die Häufigkeit eines Begriffs sagt daher nichts über seine historische Bedeutung aus.";
zeitachse;Erklärung zur Zeitachse anzeigen;"Diese Visualisierung zeigt alle Urkunden verteilt über ihr Ausstellungsjahr. Jeder Punkt steht für eine Urkunde; die Farbe zeigt ihre thematische Kategorie. Jahre mit vielen Urkunden bilden dichte Punktwolken, einzelne Jahre mit wenigen Urkunden erscheinen als vereinzelte Punkte.|Mit dem Mausrad kann in die Zeitachse hinein- und herausgezoomt werden, durch Ziehen lässt sich der sichtbare Ausschnitt verschieben. Ein Klick auf einen Punkt öffnet die Detailansicht der jeweiligen Urkunde. Über das Kategorie-Menü lassen sich einzelne oder mehrere Themenbereiche gezielt ein- oder ausblenden. Der Button „Unsicherheiten anzeigen"" zeigt ausschließlich jene Urkunden, deren Datierung, Ort oder beteiligte Personen nicht sicher überliefert sind.";
literaturSeite;Erklärung zur Literaturliste;Diese Seite verzeichnet Literatur zur Geschichte von Krems und Stein, gegliedert nach Themen. Die Auswahl ist nicht vollständig. Sie stützt sich vor allem auf die Literaturverzeichnisse neuerer Arbeiten zur Frühen Neuzeit, daher sind das Mittelalter sowie das 19. und 20. Jahrhundert schwächer vertreten.|Ist ein Titel online zugänglich, führt ein Link direkt dorthin. Wird ein Titel in einer Führung verwendet, ist die Führung genannt.|Für die weitere Recherche finden Sie oben Einstiege wie den Büchereikatalog und die Mitteilungen des Stadtarchivs.;
