literatur_id;zitation;autor;titel;jahr;kurzbeschreibung;kategorie;link;verfuegbarkeit;zeitraum_von;zeitraum_bis
berthold1995;Werner Berthold–Elisabeth Burda-Buchner–Petra Ehgartner, Bibliographie. Die Stadt Krems und ihre Katastralgemeinden im Spiegel der wissenschaftlichen Literatur 1970–1994 (vor 1994 in Auswahl), in: 1000 Jahre Krems, red. Silvia Petrin = Jahrbuch für Landeskunde von Niederösterreich N. F. 60/61 (1995) 335–498.;Werner Berthold, Elisabeth Burda-Buchner, Petra Ehgartner;Bibliographie. Die Stadt Krems und ihre Katastralgemeinden im Spiegel der wissenschaftlichen Literatur 1970–1994;1995;;Überblicke und Nachschlagewerke;;;;
kerschbaumer1885;Anton Kerschbaumer, Geschichte der Stadt Krems (Krems 1885).;Anton Kerschbaumer;Geschichte der Stadt Krems;1885;;Überblicke und Nachschlagewerke;;;;
kinzl1869;Josef Kinzl, Chronik der Städte Krems, Stein und deren nächster Umgebung. Mit den Freiheitsbriefen beider Städte und den Schriftstücken ihrer gewerblichen Innungen vom Jahre 985–1869 (Krems 1869).;Josef Kinzl;Chronik der Städte Krems, Stein und deren nächster Umgebung;1869;;Überblicke und Nachschlagewerke;;;985;1869
altkrems1895;Aus Alt-Krems. Festgabe zum Neunhundertjährigen Jubiläum der ersten urkundlichen Erwähnung der Stadt Krems, hg. vom städtischen Museum (Krems 1895).;Städtisches Museum Krems (Hg.);Aus Alt-Krems;1895;;Überblicke und Nachschlagewerke;;;;
festschrift1948;Krems und Stein. Festschrift zum 950-jährigen Stadtjubiläum (Krems 1948).;;Krems und Stein. Festschrift zum 950-jährigen Stadtjubiläum;1948;;Überblicke und Nachschlagewerke;;;;
brunner1948;Otto Brunner, Die geschichtliche Stellung der Städte Krems und Stein, in: Krems und Stein. Festschrift zum 950-jährigen Stadtjubiläum (Krems 1948) 19–102.;Otto Brunner;Die geschichtliche Stellung der Städte Krems und Stein;1948;;Überblicke und Nachschlagewerke;;;;
kuehnel1967;Harry Kühnel, Wegweiser durch die Geschichte der Stadt Krems an der Donau. Mitteilungen des Kremser Stadtarchivs 7 (1967) 1–49.;Harry Kühnel;Wegweiser durch die Geschichte der Stadt Krems an der Donau;1967;;Überblicke und Nachschlagewerke;;;;
kuehnel1968;Harry Kühnel, Krems an der Donau (München 1968).;Harry Kühnel;Krems an der Donau;1968;;Überblicke und Nachschlagewerke;;;;
kuehnel1970a;Harry Kühnel, Krems an der Donau, in: Donauländer und Burgenland, hg. von Karl Lechner (Handbuch der historischen Stätten Österreichs 1, [1970] Nachdr. Stuttgart 1985) 363–369.;Harry Kühnel;Krems an der Donau (Handbuch der historischen Stätten);1970;;Überblicke und Nachschlagewerke;;;;
kuehnel1970b;Harry Kühnel, Stein, in: Donauländer und Burgenland, hg. von Karl Lechner (Handbuch der historischen Stätten Österreichs 1, [1970] Nachdr. Stuttgart 1985) 564–566.;Harry Kühnel;Stein (Handbuch der historischen Stätten);1970;;Überblicke und Nachschlagewerke;;;;
kuehnel1976;Harry Kühnel, Krems an der Donau. Stadt mit eigenem Statut, in: Die Städte Niederösterreichs 2, hg. von Alfred Hoffmann–Friederike Goldmann (Österreichisches Städtebuch 4/II, Wien 1976) 147–169.;Harry Kühnel;Krems an der Donau. Stadt mit eigenem Statut;1976;;Überblicke und Nachschlagewerke;;;;
kuehnel1991;Harry Kühnel, Krems-Stein (Österreichischer Städteatlas. 4. Lieferung, Teil 1, Wien 1991 [DVD 2009]).;Harry Kühnel;Krems-Stein (Österreichischer Städteatlas);1991;;Überblicke und Nachschlagewerke;https://www.arcanum.com/de/online-kiadvanyok/OsterreichischerStadtatlas-osterreichischer-stadteatlas-1/krems-stein-2547/kommentar-256A/;;;
petrin1995;Silvia Petrin, Tausend Jahre Krems, in: 1000 Jahre Krems, red. dies. = Jahrbuch für Landeskunde von Niederösterreich N. F. 60/61 (1995) 1–8.;Silvia Petrin;Tausend Jahre Krems;1995;;Überblicke und Nachschlagewerke;;;;
strasser1995;Gustav Strasser (Hg.), Die 1000-jährige Geschichte der Stadt Krems (Krems/Donau 1995).;Gustav Strasser (Hg.);Die 1000-jährige Geschichte der Stadt Krems;1995;;Überblicke und Nachschlagewerke;;;;
mayer2000;Fritz Mayer, Die Stadt Stein und ihre geschichtliche Entwicklung (Krems 2000).;Fritz Mayer;Die Stadt Stein und ihre geschichtliche Entwicklung;2000;;Überblicke und Nachschlagewerke;;;;
haselbach1869;Karl Haselbach, Die Städte Krems und Stein in den Jahren 1452–1700. Blätter des Vereines für Landeskunde von Niederösterreich N. F. 3 (1869) 5–18.;Karl Haselbach;Die Städte Krems und Stein in den Jahren 1452–1700;1869;;Überblicke und Nachschlagewerke;;;1452;1700
koller1956;P. Ludwig Koller, Kulturkunde des Verwaltungsbezirks Krems (Wien 1956).;Ludwig Koller;Kulturkunde des Verwaltungsbezirks Krems;1956;;Überblicke und Nachschlagewerke;;;;
panorama;Art. Krems, in: Panorama der Österreichischen Monarchie 9 (Pest–Leipzig o. J., Nachdr. Wien 2001) 101–113.;;Art. Krems (Panorama der Österreichischen Monarchie);;;Überblicke und Nachschlagewerke;;;;
penz1998;Helga Penz, Materialien zur Frühgeschichte von Krems an der Donau 995–1276 (Staatsprüfungsarbeit Wien 1998).;Helga Penz;Materialien zur Frühgeschichte von Krems an der Donau 995–1276;1998;;Mittelalter;;;995;1276
strobl1881;Johann Strobl, Die Städte Krems und Stein im Mittelalter. Ein Beitrag zur Geschichte der beiden Städte, mit Beilagen von Urkunden aus dem Kremser Stadt-Archive 1–3. Jahresbericht über die n.-ö. Landes-Oberrealschule und die mit derselben verbundenen Landes-Handelsschule in Krems (1881–1883).;Johann Strobl;Die Städte Krems und Stein im Mittelalter;1881;;Mittelalter;;;;
gutkas2001;Karl Gutkas, Die Anfänge des Städtewesens in Niederösterreich unter besonderer Berücksichtigung von Krems, in: 1000 Jahre Krems – am Fluß der Zeit, hg. von Willibald Rosner (Studien und Forschungen aus dem Niederösterreichischen Institut für Landeskunde 24, St. Pölten 2001) 9–38.;Karl Gutkas;Die Anfänge des Städtewesens in Niederösterreich unter besonderer Berücksichtigung von Krems;2001;;Mittelalter;;;;
mayer1915;Theodor Mayer, Die Stellung der Städte Krems und Stein im mittelalterlichen Handel Österreichs. Jahrbuch für Landeskunde von Niederösterreich N. F. 13/14 (1915) 236–251.;Theodor Mayer;Die Stellung der Städte Krems und Stein im mittelalterlichen Handel Österreichs;1915;;Mittelalter;;;;
schoenfellner1985;Franz Schönfellner, Krems zwischen Reformation und Gegenreformation (Forschungen zur Landeskunde von Niederösterreich 24, Wien 1985).;Franz Schönfellner;Krems zwischen Reformation und Gegenreformation;1985;;Reformation, Kirche und Orden;;;;
loinig2018;Die Jesuiten in Krems. Die Ankunft eines neuen Ordens in einer protestantischen Stadt im Jahr 1616, hg. von Elisabeth Loinig–Roman Zehetmayer (Studien und Forschungen aus dem Niederösterreichischen Institut für Landeskunde 71, St. Pölten 2018).;Elisabeth Loinig, Roman Zehetmayer (Hg.);Die Jesuiten in Krems;2018;;Reformation, Kirche und Orden;;;1616;1616
laroche2023;Johannes Laroche, Konfessionszugehörigkeit in Stein an der Donau im Lichte letztwilliger Verfügungen (1525–1627) (MA-Arbeit Wien 2023).;Johannes Laroche;Konfessionszugehörigkeit in Stein an der Donau im Lichte letztwilliger Verfügungen;2023;;Reformation, Kirche und Orden;;;1525;1627
kuehnel1964;950 Jahre Pfarre Krems. Festschrift, hg. von Harry Kühnel (Krems 1964).;Harry Kühnel (Hg.);950 Jahre Pfarre Krems;1964;;Reformation, Kirche und Orden;;;;
hanika1969;Günter Hanika, Die Dominikaner in Krems von der Gründung bis zur Aufhebung ihres Klosters (Diss. Wien 1969).;Günter Hanika;Die Dominikaner in Krems;1969;;Reformation, Kirche und Orden;;;;
groebl1991;Lydia Gröbl, Die Minoriten von Stein. Vom Wiederkauf des Klosters bis zur Aufhebung 1796 (Dipl.-Arbeit Wien 1991).;Lydia Gröbl;Die Minoriten von Stein;1991;;Reformation, Kirche und Orden;;;;1796
rauscher1957;Heinrich Rauscher, Das Minoritenkloster in Stein a. d. Donau. Das Waldviertel 7/8 (1957) 121–145.;Heinrich Rauscher;Das Minoritenkloster in Stein a. d. Donau;1957;;Reformation, Kirche und Orden;;;;
weninger1966;Ilse Weninger, Die Geschichte der Pfarre Stein von ihren Anfängen bis zum Jahre 1750 (Diss. Wien 1966).;Ilse Weninger;Die Geschichte der Pfarre Stein;1966;;Reformation, Kirche und Orden;;;;1750
weiglsperger1878;Franz Weiglsperger, Geschichtliche Beiträge zu der Pfarre Stein. Geschichtliche Beilagen zu den Consistorial-Currenden der Diöcese St. Pölten 1 (St. Pölten 1878) 73–152.;Franz Weiglsperger;Geschichtliche Beiträge zu der Pfarre Stein;1878;;Reformation, Kirche und Orden;;;;
rauscher1952;Heinrich Rauscher, Friedhöfe und andere Begräbnisstätten in Stein a. d. D. Das Waldviertel 1/12 (1952) 11–17.;Heinrich Rauscher;Friedhöfe und andere Begräbnisstätten in Stein a. d. D.;1952;;Reformation, Kirche und Orden;;;;
haberlermaier2022;Daniel Haberler-Maier, Zwei Städte, drei Räte? Prolegomena zu einer Neubetrachtung der Verwaltung der Städte Krems und Stein in Mittelalter und Früher Neuzeit bis 1785, in: Kontinuitäten, Neubetrachtungen, Erkenntnisse, hg. von Daniel Haberler-Maier–Gregor Kremser (Mitteilungen Stadtarchiv Krems, Ergänzungsband 1, Krems 2022) 104–192.;Daniel Haberler-Maier;Zwei Städte, drei Räte?;2022;;Politik, Verwaltung und Recht;https://doi.org/10.57704/T1D0-0J11;;;1785
haberlermaier2023;Daniel Haberler-Maier, „…damit wir zu unnserer hinabkhunfft ain Whonnung darinnen haben…“ Das Haus der Städte Krems und Stein in der Wiener Schauflergasse zwischen Absteige und ständischer Repräsentation. Jahrbuch des Vereins für Geschichte der Stadt Wien 79 (2023).;Daniel Haberler-Maier;Das Haus der Städte Krems und Stein in der Wiener Schauflergasse;2023;;Politik, Verwaltung und Recht;;;;
pauser2009;Josef Pauser, Privilegienkonfirmation in der Zeit Ferdinands I. Die Bestätigung der Privilegien der Städte Krems und Stein und ihr Privilegienverzeichnis von 1528. Mitteilungen des Instituts für österreichische Geschichtsforschung 117 (2009) 284–311.;Josef Pauser;Privilegienkonfirmation in der Zeit Ferdinands I.;2009;;Politik, Verwaltung und Recht;;;1528;1528
broucek1971;Peter Broucek, Kämpfe um Krems und Stein 1645/1646. Mitteilungen des Kremser Stadtarchivs 11 (1971) 13–54.;Peter Broucek;Kämpfe um Krems und Stein 1645/1646;1971;;Politik, Verwaltung und Recht;;;1645;1646
goerg1963;Bernhard Görg, Die Bürgermeister der Doppelstadt Krems-Stein des 15. und 16. Jahrhunderts (Diss. Wien 1963).;Bernhard Görg;Die Bürgermeister der Doppelstadt Krems-Stein des 15. und 16. Jahrhunderts;1963;;Politik, Verwaltung und Recht;;;1400;1599
hauke1964;Holda Hauke, Die Bürgermeister der Doppelstadt Krems-Stein um die Zeit des Dreißigjährigen Krieges (Diss. Wien 1964).;Holda Hauke;Die Bürgermeister der Doppelstadt Krems-Stein um die Zeit des Dreißigjährigen Krieges;1964;;Politik, Verwaltung und Recht;;;1618;1648
koeck1965;Elfriede Köck, Das Schlüsselamt Krems von den Anfängen bis zum Jahre 1700 (Diss. Wien 1965).;Elfriede Köck;Das Schlüsselamt Krems;1965;;Politik, Verwaltung und Recht;;;;1700
puehringer2001;Andrea Pühringer, Zur Lage der Kommunalverwaltung der Stadt Krems zwischen Reformation und Gaisruckscher Instruktion, in: 1000 Jahre Krems – am Fluß der Zeit, hg. von Willibald Rosner (Studien und Forschungen aus dem Niederösterreichischen Institut für Landeskunde 24, St. Pölten 2001) 161–185.;Andrea Pühringer;Zur Lage der Kommunalverwaltung der Stadt Krems zwischen Reformation und Gaisruckscher Instruktion;2001;;Politik, Verwaltung und Recht;;;;
puehringer1994;Andrea Pühringer, Zur Entwicklung kommunaler Haushalte in der Frühneuzeit. Die Fallbeispiele Eggenburg und Krems 1550 bis 1750 im Vergleich. Unsere Heimat 65 (1994) 170–188.;Andrea Pühringer;Zur Entwicklung kommunaler Haushalte in der Frühneuzeit;1994;;Politik, Verwaltung und Recht;;;1550;1750
puehringer1998;Andrea Pühringer, Kommunale Finanzen in der frühen Neuzeit. Ein Vergleich der budgetären Struktur und Entwicklung österreichischer landesfürstlicher Kleinstädte (Diss. Wien 1998).;Andrea Pühringer;Kommunale Finanzen in der frühen Neuzeit;1998;;Politik, Verwaltung und Recht;;;;
puehringer2002;Andrea Pühringer, Contributionale, Oeconomicum und Politicum. Die Finanzen der landesfürstlichen Städte Nieder- und Oberösterreichs in der Frühneuzeit (Sozial- und wirtschaftshistorische Studien 27, Wien–München 2002).;Andrea Pühringer;Contributionale, Oeconomicum und Politicum;2002;;Politik, Verwaltung und Recht;;;;
puehringer2003;Andrea Pühringer, Kleine Städte – Große Schulden? Zur frühneuzeitlichen Finanzstruktur der landesfürstlichen Städte ob und unter der Enns. Pro Civitate Austriae 8 (2003) 3–28.;Andrea Pühringer;Kleine Städte – Große Schulden?;2003;;Politik, Verwaltung und Recht;;;;
puehringer2005;Andrea Pühringer, Ein Strukturvergleich niederösterreichischer Städte in der frühen Neuzeit. Zur Konstellation kommunaler Finanzen vom Ende des 16. bis zur Mitte des 18. Jahrhunderts, in: Die Städte und Märkte Niederösterreichs im Mittelalter und in der frühen Neuzeit, hg. von Willibald Rosner–Reinelde Motz-Linhart (Studien und Forschungen aus dem Niederösterreichischen Institut für Landeskunde 36, St. Pölten 2005) 102–133.;Andrea Pühringer;Ein Strukturvergleich niederösterreichischer Städte in der frühen Neuzeit;2005;;Politik, Verwaltung und Recht;;;;
kuehnel1961;Harry Kühnel, Die Archive der Städte Krems und Stein. Mitteilungen des Österreichischen Staatsarchivs 14 (1961) 152–170.;Harry Kühnel;Die Archive der Städte Krems und Stein;1961;;Politik, Verwaltung und Recht;;;;
schindler2022;Jacqueline Schindler, Die Anfänge kommunaler Schriftkultur österreichischer Städte am Beispiel von Krems an der Donau (MA-Arbeit Wien 2022).;Jacqueline Schindler;Die Anfänge kommunaler Schriftkultur österreichischer Städte am Beispiel von Krems an der Donau;2022;;Politik, Verwaltung und Recht;;;;
knittler1971;Herbert Knittler, Abriß einer Wirtschafts- und Sozialgeschichte der Doppelstadt Krems-Stein, in: 1000 Jahre Kunst in Krems, hg. von Harry Kühnel (2. Aufl. Krems/Donau 1971) 43–73.;Herbert Knittler;Abriß einer Wirtschafts- und Sozialgeschichte der Doppelstadt Krems-Stein;1971;;Wirtschaft, Handel und Handwerk;;;;
knittler1978;Herbert Knittler, Zum ältesten Steiner Zolltarif. Eine handelsgeschichtliche Untersuchung. Mitteilungen des Kremser Stadtarchivs 17/18 (1978) 27–76.;Herbert Knittler;Zum ältesten Steiner Zolltarif;1978;;Wirtschaft, Handel und Handwerk;;;;
haselbach1865;Karl Haselbach, Ueber die Stellung der Städte Krems und Stein in der Handelsgeschichte Österreichs. Blätter für Landeskunde von Niederösterreich 1 (1865) 236f., 269–276.;Karl Haselbach;Ueber die Stellung der Städte Krems und Stein in der Handelsgeschichte Österreichs;1865;;Wirtschaft, Handel und Handwerk;;;;
hietzgern1967;Eleonore Hietzgern, Der Handel der Doppelstadt Krems-Stein von seinen Anfängen bis zum Ende des Dreißigjährigen Krieges (Diss. Wien 1967).;Eleonore Hietzgern;Der Handel der Doppelstadt Krems-Stein;1967;;Wirtschaft, Handel und Handwerk;;;;1648
teufel1982;Helmut Teufel, Die Linz-Kremser Affäre. Ein mährisch-österreichischer Handelskrieg zu Beginn des 17. Jahrhunderts. Mitteilungen des Kremser Stadtarchivs 21/22 (1982) 65–85.;Helmut Teufel;Die Linz-Kremser Affäre;1982;;Wirtschaft, Handel und Handwerk;;;;
rauscher2016;Peter Rauscher, Die Kremser Märkte im 17. Jahrhundert (ca. 1620–1730). Städtischer Fernhandel und staatliche Wirtschaftspolitik im Zeitalter des beginnenden Merkantilismus, in: ‚Eigennutz‘ und ‚gute Ordnung‘. Ökonomisierung der Welt im 17. Jahrhundert, hg. von Sandra Richter–Guillaume Garner (Wolfenbütteler Arbeiten zur Barockforschung 54, Wiesbaden 2016) 95–112.;Peter Rauscher;Die Kremser Märkte im 17. Jahrhundert (ca. 1620–1730);2016;;Wirtschaft, Handel und Handwerk;;;1620;1730
serles2013;Andrea Serles, Metropole und Markt. Die Handelsbeziehungen zwischen Nürnberg und Krems/Donau in der Frühen Neuzeit (Dipl.-Arbeit Wien 2013).;Andrea Serles;Metropole und Markt;2013;;Wirtschaft, Handel und Handwerk;https://phaidra.univie.ac.at/open/o:1295637;;;
serles2015;Andrea Serles, gmainer statt nuz und fromen. Serielle Quellen zur Handelsgeschichte in städtischen Archiven am Beispiel von Krems an der Donau, in: Wiegen – Zählen – Registrieren. Handelsgeschichtliche Massenquellen und die Erforschung mitteleuropäischer Märkte (13.–18. Jahrhundert), hg. von Peter Rauscher–Andrea Serles (Beiträge zur Geschichte der Städte Mitteleuropas 25, Innsbruck–Wien–Bozen 2015) 91–134.;Andrea Serles;Gmainer statt nuz und fromen;2015;;Wirtschaft, Handel und Handwerk;https://donauhandel.univie.ac.at/wp-content/uploads/Serles.pdf;;;
serles_stein;Andrea Serles, Stein, in: Der Donauhandel. Quellen zur österreichischen Wirtschaftsgeschichte des 17. und 18. Jahrhunderts (online).;Andrea Serles;Stein (Der Donauhandel);;;Wirtschaft, Handel und Handwerk;https://donauhandel.univie.ac.at/publikationen/stein/;;;
bieniarzowna1989;Janina Bieniarzówna, Die Handelsbeziehungen zwischen Krakau und Krems im 16. und 17. Jahrhundert. Mitteilungen des Kremser Stadtarchivs 26–28 (1989) 28–35.;Janina Bieniarzówna;Die Handelsbeziehungen zwischen Krakau und Krems im 16. und 17. Jahrhundert;1989;;Wirtschaft, Handel und Handwerk;;;1500;1699
bieniarzowna1996;Janina Bieniarzówna, Die Handelsbeziehungen zwischen Krakau und Krems vom 16. bis zum 18. Jahrhundert. Prace Historyczne 121 (1996) 109–122.;Janina Bieniarzówna;Die Handelsbeziehungen zwischen Krakau und Krems vom 16. bis zum 18. Jahrhundert;1996;;Wirtschaft, Handel und Handwerk;;;1500;1799
schoenfellnerlechner1985;Helga Schönfellner-Lechner, Krems und St. Pölten zwischen 1700 und 1740. Ein sozial- und wirtschaftsgeschichtlicher Vergleich (Diss. Wien 1985).;Helga Schönfellner-Lechner;Krems und St. Pölten zwischen 1700 und 1740;1985;;Wirtschaft, Handel und Handwerk;;;1700;1740
besenboeck1966;Edith Besenböck, Krems als zentraler Ort und sein Einzugsbereich (Diss. Hochschule für Welthandel Wien 1966).;Edith Besenböck;Krems als zentraler Ort und sein Einzugsbereich;1966;;Wirtschaft, Handel und Handwerk;;;;
boehm1984;Karl Böhm, Das Handwerk in Krems. Von den Anfängen bis 1650 (Diss. Wien 1984).;Karl Böhm;Das Handwerk in Krems;1984;;Wirtschaft, Handel und Handwerk;;;;1650
figl1953;Eduard Figl, Die rechtliche und soziale Stellung der Lehrjungen, Gesellen und Meister im Handwerk der Stadt Krems (Diss. Wien 1953).;Eduard Figl;Die rechtliche und soziale Stellung der Lehrjungen, Gesellen und Meister im Handwerk der Stadt Krems;1953;;Wirtschaft, Handel und Handwerk;;;;
ploeckinger1941;Hans Plöckinger, Krems als Eisenstadt. Waldviertler Heimat 2 (1941) 5–7, 3 (1941) 20f.;Hans Plöckinger;Krems als Eisenstadt;1941;;Wirtschaft, Handel und Handwerk;;;;
schalk1887;Karl Schalk, Eine officielle Aichung des Kremser Metzens gegen den alten Wiener Metzen aus dem Jahre 1593. Blätter des Vereines für Landeskunde von Niederösterreich 21 (1887) 425–429.;Karl Schalk;Eine officielle Aichung des Kremser Metzens gegen den alten Wiener Metzen aus dem Jahre 1593;1887;;Wirtschaft, Handel und Handwerk;;;1593;1593
ploeckinger1948;Hans Plöckinger, Aus der Geschichte des Weinbaus der alten Städte Krems und Stein, in: Krems und Stein. Festschrift zum 950-jährigen Stadtjubiläum (Krems 1948) 103–134.;Hans Plöckinger;Aus der Geschichte des Weinbaus der alten Städte Krems und Stein;1948;;Weinbau;;;;
ploeckinger_wachau;Hans Plöckinger, Die Wachau und ihr Wein (Krems o. J. [ca. 1948]).;Hans Plöckinger;Die Wachau und ihr Wein;;;Weinbau;;;;
herzog1964;Gerhard Herzog, Die Weinwirtschaft der geistlichen Herrschaften im mittelalterlichen Krems (Diss. Wien 1964).;Gerhard Herzog;Die Weinwirtschaft der geistlichen Herrschaften im mittelalterlichen Krems;1964;;Weinbau;;;;
landsteiner2001;Erich Landsteiner, Teilbau und Lohnbau. Über zwei Formen der Arbeitsorganisation im Weinbau des Kremser Raumes, in: 1000 Jahre Krems – am Fluß der Zeit, hg. von Willibald Rosner (Studien und Forschungen aus dem Niederösterreichischen Institut für Landeskunde 24, St. Pölten 2001) 186–220.;Erich Landsteiner;Teilbau und Lohnbau;2001;;Weinbau;;;;
ploeckinger1950;Hans Plöckinger, Das Weinarchiv der Stadt Krems an der Donau. Unsere Heimat 21 (1950) 158–160.;Hans Plöckinger;Das Weinarchiv der Stadt Krems an der Donau;1950;;Weinbau;;;;
dietrich2025;Max Roman Dietrich, Verlassenschaftsinventare in Krems und Stein zwischen 1671 und 1719. Bürgerliche Vermögensstruktur und materielle Kultur in einer frühneuzeitlichen Stadt (MA-Arbeit Wien 2025).;Max Roman Dietrich;Verlassenschaftsinventare in Krems und Stein zwischen 1671 und 1719;2025;;Bürgerschaft und Alltag;;;1671;1719
hellerschmid2018;Andreas Hellerschmid, Bürgerbuch Krems/Stein 1535–1625 (Dipl.-Arbeit Wien 2018).;Andreas Hellerschmid;Bürgerbuch Krems/Stein 1535–1625;2018;;Bürgerschaft und Alltag;;;1535;1625
kuehnel1995;Harry Kühnel, Lebensformen einer österreichischen Kleinstadt in der frühen Neuzeit, in: 1000 Jahre Krems, red. Silvia Petrin = Jahrbuch für Landeskunde von Niederösterreich N. F. 60/61 (Horn 1995) 103–149.;Harry Kühnel;Lebensformen einer österreichischen Kleinstadt in der frühen Neuzeit;1995;;Bürgerschaft und Alltag;;;;
kuehnel1991b;Harry Kühnel, „Mit Seife mißt man die Kultur…“. Mentalität und Alltagshygiene. Archiv für Kulturgeschichte 73 (1991) 61–84.;Harry Kühnel;„Mit Seife mißt man die Kultur…“;1991;;Bürgerschaft und Alltag;;;;
kuehnel1990;Harry Kühnel, Wohnen und Leben in niederösterreichischen Städten nördlich der Donau 1500–1650, in: Zwischen Herren und Ackersleuten. Bürgerliches Leben im Waldviertel 1500–1700, hg. von Gustav Reingrabner (Ausstellungskatalog Horn 1990) 82–99.;Harry Kühnel;Wohnen und Leben in niederösterreichischen Städten nördlich der Donau 1500–1650;1990;;Bürgerschaft und Alltag;;;1500;1650
paulhart1961;Herbert Paulhart, Bücherbesitz Kremser Bürger des 16. Jahrhunderts. Nach den Aufzeichnungen in den Testamentsbüchern des Kremser Stadtarchivs. Mitteilungen des Kremser Stadtarchivs 1 (1961) 33–55.;Herbert Paulhart;Bücherbesitz Kremser Bürger des 16. Jahrhunderts;1961;;Bürgerschaft und Alltag;;;1500;1599
gattermann1959;Alois Gattermann, Die Geschichte des Hauses, in: Ein Kremser Bürgerhaus der Renaissance und seine Stubengesellschaft (Forschungen zur Landeskunde von Niederösterreich 10, Wien 1959) 2–32.;Alois Gattermann;Die Geschichte des Hauses (Ein Kremser Bürgerhaus der Renaissance);1959;;Bürgerschaft und Alltag;;;;
ploeckinger1975;Erwin Plöckinger, Alexander Truckhenmüller und seine Familie. Mitteilungen des Kremser Stadtarchivs 15/16 (1975/1976) 63–168.;Erwin Plöckinger;Alexander Truckhenmüller und seine Familie;1975;;Bürgerschaft und Alltag;;;;
demal1985;Dorothea Demal, Zur Geschichte der Kremser Spitäler im Mittelalter (Dipl.-Arbeit Wien 1985).;Dorothea Demal;Zur Geschichte der Kremser Spitäler im Mittelalter;1985;;Soziales und Gesundheit;;;;
ottner2003;Christine Ottner, Dem gemeinen wesen zum besten. Verwalten von Krankheit und Gesundheit in Krems an der Donau und Österreich unter der Enns (Studien und Forschungen aus dem Niederösterreichischen Institut für Landeskunde 37, St. Pölten 2003).;Christine Ottner;Dem gemeinen wesen zum besten;2003;;Soziales und Gesundheit;;;;
ottner2004;Christine Ottner, Argumentieren mit der Pestabwehr. Frühneuzeitliche Beispiele aus Perspektive der Stadtobrigkeit von Krems an der Donau. Unsere Heimat 75 (2004) 238–251.;Christine Ottner;Argumentieren mit der Pestabwehr;2004;;Soziales und Gesundheit;;;;
rauscher1954;Heinrich Rauscher, Armenfürsorge der Stadt Stein a. d. Donau. Rede anlässlich der Übergabe des ehemaligen Armenhauses am Franz-Zeller-Platz in Stein am 26. Juni 1954 (unveröffentlichtes Typoskript, Krems 1954).;Heinrich Rauscher;Armenfürsorge der Stadt Stein a. d. Donau;1954;;Soziales und Gesundheit;;;;
fruehwirth2000;Hans Frühwirth, Die Doppelstadt Krems-Stein. Ihre Geschichte von 1848–2000 ([Ort] 2000).;Hans Frühwirth;Die Doppelstadt Krems-Stein. Ihre Geschichte von 1848–2000;2000;;Überblicke und Nachschlagewerke;;;1848;2000
ritter1964;Emmeran Ritter, Werden und Entwicklung der Stadtpfarre Krems bis 1785, in: 950 Jahre Pfarre Krems. Festschrift, hg. von Harry Kühnel (Krems 1964) 17–92.;Emmeran Ritter;Werden und Entwicklung der Stadtpfarre Krems bis 1785;1964;;Reformation, Kirche und Orden;;;;1785
hruschka1978;Hannelore Hruschka, Die Geschichte der Juden in Krems an der Donau von den Anfängen bis 1938 (Diss. Wien 1978).;Hannelore Hruschka;Die Geschichte der Juden in Krems an der Donau;1978;;Jüdische Geschichte;;;;1938
groebl2000;Lydia Gröbl, „…auf wolgefallen…, doch das er sich also der gebüer nach verhalte…“. Juden in Stein im 17. Jahrhundert. Unsere Heimat 71 (2000) 268–278.;Lydia Gröbl;Juden in Stein im 17. Jahrhundert;2000;;Jüdische Geschichte;;;1600;1699
moses1929;Leopold Moses, Aus dem Kremser Stadtarchiv. Jüdisches Archiv 2/3–4 (1929) 52f.;Leopold Moses;Aus dem Kremser Stadtarchiv;1929;;Jüdische Geschichte;;;;
kuehnel1966;Harry Kühnel, Die städtebauliche Entwicklung von Krems und Stein. Berichte zur Raumforschung und Raumplanung 10 (1966) 307–313.;Harry Kühnel;Die städtebauliche Entwicklung von Krems und Stein;1966;;Stadtbild und Topographie;;;;
kuehnel1978;Harry Kühnel, Krems in alten Ansichtskarten (St. Pölten–Wien 1978).;Harry Kühnel;Krems in alten Ansichtskarten;1978;;Stadtbild und Topographie;;;;
kuehnel1981;Harry Kühnel, Krems in alten Ansichten (St. Pölten–Wien 1981).;Harry Kühnel;Krems in alten Ansichten;1981;;Stadtbild und Topographie;;;;
fruehwirth1995;Hans Frühwirth, Krems. Straßen und Plätze – Ihre Geschichte und Herkunft (Wien 1995).;Hans Frühwirth;Krems. Straßen und Plätze;1995;;Stadtbild und Topographie;;;;
kalt1987;Ernst Kalt, Krems – Einst und Jetzt. Der Wandel von Stadtbild und Arbeitswelt im Zusammenhang mit Handel und Gewerbe 1 (Krems 1987).;Ernst Kalt;Krems – Einst und Jetzt;1987;;Stadtbild und Topographie;;;;
klaar1971;Adalbert Klaar, Die Stadtpläne von Krems und Stein, in: 1000 Jahre Kunst in Krems, hg. von Harry Kühnel (2. Aufl. Krems/Donau 1971) 35–42.;Adalbert Klaar;Die Stadtpläne von Krems und Stein;1971;;Stadtbild und Topographie;;;;
hofer2005;Nikolaus Hofer, Das Befestigungssystem der mittelalterlichen Stadt am Beispiel von Krems und Stein an der Donau. Neue Erkenntnisse aus archäologischen und bauhistorischen Untersuchungen, in: Die Städte und Märkte Niederösterreichs im Mittelalter und in der frühen Neuzeit, hg. von Willibald Rosner–Reinelde Motz-Linhart (Studien und Forschungen aus dem Niederösterreichischen Institut für Landeskunde 36, St. Pölten 2005) 24–44.;Nikolaus Hofer;Das Befestigungssystem der mittelalterlichen Stadt am Beispiel von Krems und Stein an der Donau;2005;;Stadtbild und Topographie;;;;
kunze1966;Eduard Kunze, Das Städtedreieck Krems – Stein – Mautern: seine Strukturentwicklung seit 1750, mit besonderer Berücksichtigung der sozialgeographischen Entwicklung (Diss. Wien 1966).;Eduard Kunze;Das Städtedreieck Krems – Stein – Mautern;1966;;Stadtbild und Topographie;;;1750;
kunze1973;Eduard Kunze, Wandlungen der sozialökologischen Struktur zweier historischer Städte in Österreich (Krems und Stein), in: Beiträge zur Bevölkerungs- und Sozialgeschichte Österreichs. Nebst einem Überblick über die Entwicklung der Bevölkerungs- und Sozialstatistik, hg. von Heimold Helczmanovszki (Wien 1973) 333–372.;Eduard Kunze;Wandlungen der sozialökologischen Struktur zweier historischer Städte in Österreich (Krems und Stein);1973;;Stadtbild und Topographie;;;;
biberschick1947;Franz Biberschick, Die landesfürstliche Burg in Stein a. d. D. Waldviertler Heimatkalender (1947) 82–89.;Franz Biberschick;Die landesfürstliche Burg in Stein a. d. D.;1947;;Stadtbild und Topographie;;;;
biberschick1951;Franz Biberschick d. Ä., Krems-Stein und Mautern. Eine kunst- und kulturgeschichtliche Wanderung durch diese Donaustädte (Krems 1951).;Franz Biberschick d. Ä.;Krems-Stein und Mautern;1951;;Kultur und Bildung;;;;
kuehnel1971_hg;1000 Jahre Kunst in Krems, hg. von Harry Kühnel (2. Aufl. Krems/Donau 1971).;Harry Kühnel (Hg.);1000 Jahre Kunst in Krems;1971;;Kultur und Bildung;;;;
pfundner1971;Josef Pfundner, Die Kremser Glockengießer, in: 1000 Jahre Kunst in Krems, hg. von Harry Kühnel (2. Aufl. Krems/Donau 1971) 399–404.;Josef Pfundner;Die Kremser Glockengießer;1971;;Kultur und Bildung;;;;
mueller1967;Roswitha Müller, Kremser und Steiner Buchdrucker des 16.–18. Jahrhunderts (Diss. Wien 1967).;Roswitha Müller;Kremser und Steiner Buchdrucker des 16.–18. Jahrhunderts;1967;;Kultur und Bildung;;;1500;1799
maroli1999;Gerd Maroli, Mozart- und Köchel-Gedenkstätten in Stein an der Donau. Thema mit Variationen. Das Waldviertel 48/1 (1999) 29–38.;Gerd Maroli;Mozart- und Köchel-Gedenkstätten in Stein an der Donau;1999;;Kultur und Bildung;;;;
kuehnel1960;Harry Kühnel, Stadtarchiv Krems. Urkunden 1108–1844 (Krems 1960).;Harry Kühnel;Stadtarchiv Krems. Urkunden 1108–1844;1960;;Quelleneditionen und Regesten;;;1108;1844
brunner1953;Otto Brunner (Hg.), Die Rechtsquellen der Städte Krems und Stein (Fontes Rerum Austriacarum III/1, Graz–Köln 1953).;Otto Brunner (Hg.);Die Rechtsquellen der Städte Krems und Stein;1953;;Quelleneditionen und Regesten;;;;
ploeckinger1966;"Erwin Plöckinger, Regesten zur Geschichte der Bürgerschaft von Krems und Stein. Mitteilungen des Kremser Stadtarchivs 6 (1966) 1–45; 7 (1967) 51–118; 8 (1968) 1–19; 9 (1969) 65–80; 10 (1970) 55–71; 12 (1972) 55–57.";Erwin Plöckinger;Regesten zur Geschichte der Bürgerschaft von Krems und Stein;1966;;Quelleneditionen und Regesten;;;;
zajic2008;Die Inschriften des Politischen Bezirks Krems, ges. u. bearb. von Andreas Zajic (Die Deutschen Inschriften 72, Wiener Reihe 3/3, Wien 2008).;Andreas Zajic (Bearb.);Die Inschriften des Politischen Bezirks Krems;2008;;Quelleneditionen und Regesten;;;;
wilhelm1915;Franz Wilhelm, Archivberichte aus Niederösterreich I/1 (Wien 1915).;Franz Wilhelm;Archivberichte aus Niederösterreich I/1;1915;;Quelleneditionen und Regesten;;;;
