liste;begriffe;anmerkung
klerus;Bischof;Chord-Diagramm/Flow Map: ganzes Wort im Namen -> Gruppe Klerus
klerus;Erzbischof;
klerus;Abt;
klerus;Äbtissin;
klerus;Dechant;
klerus;Propst;
klerus;Pfarrer;
klerus;Kaplan;
klerus;Kanoniker;
klerus;Domherr;
klerus;Prior;
klerus;Priorin;
klerus;Guardian;
klerus;Kardinal;
klerus;Weihbischof;
klerus;Offizial;
klerus;Vikar;
klerus;Chorherr;
klerus;Stiftsherr;
klerus;Pater;
klerus;Frater;
klerus;Konventual;
klerus;Mönch;
klerus;Nonne;
adel_titel;Herzog;ganzes Wort im Namen -> Gruppe Adel
adel_titel;Herzogin;
adel_titel;Graf;
adel_titel;Gräfin;
adel_titel;Ritter;
adel_titel;Freiherr;
adel_titel;Freifrau;
adel_titel;Markgraf;
adel_titel;Markgräfin;
adel_titel;Fürst;
adel_titel;Fürstin;
adel_titel;Erzherzog;
adel_titel;Erzherzogin;
adel_titel;Baron;
adel_titel;Junker;
adel_titel;Landgraf;
adel_titel;Pfalzgraf;
adel_titel;Burggraf;
adel_titel;Edler;
adel_titel;Edle;
adel_familie;Wallsee;Teil des Namens -> Gruppe Adel. Mehrere Schreibweisen derselben Familie mit senkrechtem Strich trennen
adel_familie;Eytzing|Eytzingen|Eyzing;
adel_familie;Grafenegg;
adel_familie;Puchhaim|Puchheim|Buchhaim;
adel_familie;Maissau;
adel_familie;Roggendorf;
adel_familie;Hardegg;
adel_familie;Zelking;
adel_familie;Volkenstorf|Volkensdorf|Volkensdorff|Volkerstorff|Volkestorf;
adel_familie;Sternberg;
adel_familie;Cunstat;
adel_familie;Podiebrad;
adel_familie;Starhemberg|Starchenberger;
adel_familie;Schaunberg;
adel_familie;Chuenring;
adel_familie;Liechtenstein;
adel_familie;Eberstorff;
adel_familie;Brandis;
adel_familie;Zedwitz;
adel_familie;Pottendorf|Potendorf;
adel_familie;Dachsperg|Dachsberg;
adel_familie;Rechberg;
adel_familie;Plankenstein;
adel_familie;Welz;
namenszusatz;abt;Personenliste: Wort wird beim Sortieren nach Nachnamen übersprungen
namenszusatz;pfleger;
namenszusatz;bürgermeister;
namenszusatz;richter;
namenszusatz;dechant;
namenszusatz;propst;
namenszusatz;bischof;
namenszusatz;herzog;
namenszusatz;graf;
namenszusatz;ritter;
namenszusatz;meister;
namenszusatz;frau;
namenszusatz;herr;
namenszusatz;pfarrer;
namenszusatz;kaplan;
namenszusatz;stadtschreiber;
namenszusatz;bürger;
namenszusatz;witwe;
namenszusatz;gräfin;
namenszusatz;herzogin;
namenszusatz;freiherr;
namenszusatz;vikar;
namenszusatz;kanoniker;
namenszusatz;domherr;
namenszusatz;landrichter;
namenszusatz;stadtrichter;
namenszusatz;kammerer;
namenszusatz;kämmerer;
namenszusatz;rat;
namenszusatz;ratsherr;
