block_id;reihenfolge;ebene;titel;text;sichtbar
einleitung;1;1;Das Stadtarchiv Krems;Das Stadtarchiv Krems verwahrt die schriftliche Überlieferung der Doppelstadt Krems und Stein. Die ältesten Urkunden reichen bis in das Jahr 1108 zurück. Das älteste Stück ist eine Urkunde vom 6. September 1108, in der König Heinrich V. dem Stift Göttweig die Insel Mautarnergmerk auf der Donau schenkte. Erste Ansätze einer systematischen Registrierung der Urkunden gehen auf das Jahr 1492 zurück, als ein Streit zwischen den Städten Krems und Stein dies notwendig machte.|Ursprünglich war das Archiv im alten Rathaus von Krems untergebracht. Im 20. Jahrhundert lagerten die Bestände vorübergehend im Museum der Stadt, bevor das Archiv im Jahr 1963 seine heutigen Räume am Körnermarkt bezog.;ja
puchberg;2;1;Johann Matthias von Puchberg;Ein wichtiger Abschnitt in der Erschließungsgeschichte des Archivs fällt in das 18. Jahrhundert. Der Stadtsekretär und Archivar Johann Matthias von Puchberg (1708–1788) ordnete die Bestände und legte das umfangreiche „Ingedenkbuch der Städte Krems und Stein“ an. Er fertigte Abschriften der ältesten Schriftstücke an und versah Urkunden und Rechnungshefte, etwa die Spitalamtsrechnungen, mit Registraturvermerken.;ja
bestaende;3;1;Die Bestände;Die Bestände reichen vom Mittelalter bis in das 20. Jahrhundert. Ihre wissenschaftliche Bedeutung hat unter anderem Harry Kühnel herausgearbeitet, der das Archiv in der Mitte des 20. Jahrhunderts leitete. Wie in jedem Archiv ist die Überlieferung nicht vollständig. Viele Serien weisen Lücken auf, die in der Bestandsübersicht dieser Anwendung sichtbar werden.;ja
bestaende_urkunden;4;2;Urkunden und Protokolle;Das Archiv verwahrt eine Urkundensammlung aus den Jahren 1108 bis 1844. Hinzu kommen Missiv-, Rats- und Gerichtsprotokolle sowie Nachlässe.;ja
bestaende_amtsbuecher;5;2;Amtsbücher;Zu den umfangreichsten Überlieferungen gehören die Amtsbücher der städtischen Verwaltung. Dazu zählen die Kammeramtsrechnungen und die Rechnungen des Bürgerspitals, die das Spital als städtisch verwalteten Wirtschaftsbetrieb greifbar machen.;ja
bestaende_buergerschaft;6;2;Bürgerschaft;Testamente und Verlassenschaftsinventare geben Einblick in Besitz, materielle Kultur und soziale Unterschiede innerhalb des Bürgertums von Krems und Stein. Die Bürgerbücher verzeichnen die Aufnahmen in das Bürgerrecht. Sie erfassen damit nur jenen Teil der Bevölkerung, der das Bürgerrecht erwarb.;ja
bestaende_zeitgeschichte;7;2;Zeitgeschichte;Auch für das 20. Jahrhundert enthält das Archiv Verwaltungsakten. Sie dokumentieren unter anderem den Verwaltungsalltag während der NS-Zeit, etwa die Enteignung und Übernahme von Gebäuden, die in den städtischen Akten ihren Niederschlag fand.;ja
anwendung;8;1;Über diese Anwendung;Diese Anwendung entstand im Rahmen einer Masterarbeit im Masterstudium Historische Hilfswissenschaften und Archivwissenschaft an der Universität Wien. Sie folgt dem Konzept der „Generous Interfaces“ nach Mitchell Whitelaw. Statt die Bestände hinter einem Suchfeld zu verbergen, bietet sie von Beginn an einen Überblick und mehrere einander ergänzende Ansichten, die zum Stöbern und Entdecken einladen. Geführte Rundgänge erzählen ausgewählte Geschichten anhand der Quellen.;ja
datengrundlage;9;1;Datengrundlage;Die Anwendung verbindet Daten unterschiedlicher Herkunft. Um ihre Aussagekraft einschätzen zu können, ist es wichtig zu wissen, woher sie stammen und wer sie bearbeitet hat.;ja
daten_archiv;10;2;Erschließungsdaten des Stadtarchivs;Grundlage der Bestandsübersicht ist das aktuelle Bestandsverzeichnis des Stadtarchivs Krems ({n_bestaende} Verzeichnungseinheiten). Die {n_urkunden} Urkunden aus den Jahren 1108 bis 1844 werden mit den Regesten angezeigt, die das Portal monasterium.net online bereitstellt. Die meisten davon stammen von Harry Kühnel (Stadtarchiv Krems. Urkunden 1108–1844, Krems 1960).;ja
daten_forschung;11;2;Daten aus Forschungsarbeiten;"Die {n_buergerbuch} Einträge des Bürgerbuchs der Jahre 1535 bis 1625 beruhen auf der Diplomarbeit ""Bürgerbuch Krems-Stein 1535-1625"" von Andreas Hellerschmid aus dem Jahr 2018. Die Auswertung von den Verlassenschaftsinventaren der Jahre 1671 bis 1719 folgt der Masterarbeit von Max Roman Dietrich (Universität Wien 2025).";ja
daten_abgeleitet;12;2;Im Projekt abgeleitete Daten;Personenliste und Ortsverzeichnis wurden aus den Urkunden und dem Bürgerbuch erstellt. Sie beruhen auf Entscheidungen der Bearbeitung, etwa darüber, ob verschiedene Schreibweisen dieselbe Person meinen. Diese Entscheidungen sind in den Daten vermerkt. Der Stammbaum der Landesfürsten dient der Einordnung der in den Urkunden genannten Herrscherinnen und Herrscher. Er beruht auf Fachliteratur und Nachschlagewerken, nicht auf Beständen des Stadtarchivs.;ja
technik;13;1;Technische Umsetzung;Die Anwendung besteht aus HTML, CSS und JavaScript ohne Frameworks und ohne Build-Prozess. Diagramme werden mit D3.js erzeugt, Karten mit Leaflet. Sämtliche Inhalte liegen als CSV-Dateien vor und werden beim Aufruf der Seite geladen. Sie lassen sich daher ohne Programmierkenntnisse ergänzen oder austauschen. Die Koordinaten historischer Ortsnamen wurden mit Nominatim (OpenStreetMap) ermittelt und nach bestem Wissen heutigen Orten zugeordnet. Orte, deren Zuordnung zweifelhaft ist oder deren Lage nicht bestimmt werden konnte, sind entsprechend gekennzeichnet.|Beim Anzeigen der Karten werden Kartenkacheln von OpenStreetMap geladen. Dabei wird die IP-Adresse an die OpenStreetMap Foundation übermittelt. Alle übrigen Bestandteile der Anwendung werden vom selben Server geladen wie die Seite selbst. Die Anwendung speichert keine personenbezogenen Daten.;ja
unsicherheit;14;1;Unsicherheiten und Datenlücken;Archive bewahren nicht alles auf, was einmal geschrieben wurde. Was erhalten ist, hängt von Verlusten, Kassationen und den Zwecken der damaligen Verwaltung ab. Was davon heute zugänglich ist, hängt zusätzlich davon ab, wie ein Bestand erschlossen wurde. Diese Anwendung blendet solche Lücken und Zweifel nicht aus, sondern kennzeichnet sie mit dem Symbol σ.|Manche Unsicherheiten liegen in den Quellen selbst, etwa eine fehlende Tagesangabe in einer Urkunde. Andere entstehen erst bei der Bearbeitung, etwa wenn entschieden werden muss, ob zwei gleichnamige Personen dieselbe sind. Beide Arten sind gekennzeichnet.;ja
unsicherheit_datierung;15;2;Datierung;Das Datum eines Dokuments ist nur ungefähr bekannt, erschlossen oder in den Vorlagen uneinheitlich überliefert.;ja
unsicherheit_verortung;16;2;Verortung;Ein historischer Ortsname lässt sich keinem heutigen Ort sicher zuordnen, oder seine Lage konnte nicht bestimmt werden. Solche Orte fehlen auf der Karte, erscheinen aber in den Listen.;ja
unsicherheit_personen;17;2;Personen;Es ist nicht sicher, ob eine Nennung dieselbe Person meint wie eine andere. Das Zusammenführen und Trennen von Namen wirkt sich unmittelbar auf Häufigkeiten und Netzwerke aus.;ja
unsicherheit_eigenschaften;18;2;Eigenschaften;Angaben wie Beruf, Wohnort oder Geschlecht sind unklar oder wurden aus dem Zusammenhang erschlossen.;ja
unsicherheit_beziehungen;19;2;Beziehungen;Verwandtschaftliche Verbindungen sind nur vermutet oder in der Literatur umstritten.;ja
unsicherheit_ueberlieferung;20;2;Überlieferung und Textfassung;Ganze Jahrgänge eines Bestands fehlen, oder zu einer Urkunde existieren abweichende Regestfassungen.;ja
mitarbeit;21;1;Mitarbeit und Kontakt;Sichtbar gemachte Lücken verstehen wir als Einladung. Wenn Sie fehlende Verbindungen entdecken, einen historischen Ort genauer zuordnen können oder Hinweise zu den Beständen haben, freuen wir uns über Ihre Rückmeldung. In Kürze wird dafür ein Formular direkt in dieser Anwendung zur Verfügung stehen. Bis dahin erreichen Sie das Stadtarchiv per E-Mail.;ja
