typ;wort;leitform;anmerkung
regel;roemische_zahlen;;Römische Zahlen (gültige Zahl 1 bis 3999), nur großgeschrieben im Regest
auslassen;sowie;;
auslassen;beiden;;
auslassen;deren;;
auslassen;dessen;;
auslassen;ihnen;;
auslassen;sind;;
auslassen;alle;;
auslassen;allen;;
auslassen;daselbst;;
auslassen;beide;;
auslassen;beider;;
auslassen;anderen;;
auslassen;andere;;
auslassen;ihrem;;
auslassen;wegen;;
auslassen;daß;;
vorname;friedrich;;
vorname;hans;;
vorname;albrecht;;
vorname;wolfgang;;
vorname;ferdinand;;
vorname;georg;;
vorname;heinrich;;
vorname;peter;;
vorname;ulrich;;
vorname;niklas;;
vorname;katharina;;
vorname;anna;;
vorname;ladislaus;;
vorname;leopold;;
vorname;konrad;;
vorname;jakob;;
vorname;steffan;;
vorname;nikolaus;;
vorname;rudolf;;
vorname;stephan;;
vorname;thomas;;
vorname;johann;;
vorname;margarete;;
vorname;sigmund;;
vorname;maximilian;;
vorname;veit;;
vorname;martin;;
vorname;paul;;
vorname;hannsen;;
vorname;simon;;
vorname;michael;;
vorname;mathias;;
vorname;michel;;
vorname;margarethe;;
vorname;dorothea;;
vorname;jobst;;
vorname;andreas;;
vorname;jörg;;
vorname;jacob;;
vorname;otto;;
vorname;thoman;;
vorname;urban;;
vorname;kaspar;;
vorname;leonhart;;
vorname;elisabeth;;
vorname;sebastian;;
vorname;christoph;;
vorname;jans;;
vorname;elsbet;;
vorname;wernhart;;
vorname;agnes;;
vorname;joseph;;
vorname;wolfgangen;;
vorname;caspar;;
vorname;christophen;;
vorname;wernhard;;
vorname;lorenz;;
vorname;erhart;;
vorname;sigismund;;
vorname;ursula;;
vorname;hansen;;
vorname;marchart;;
vorname;kunigunde;;
vorname;lienhart;;
vorname;ruprecht;;
vorname;anton;;
vorname;pankraz;;
vorname;martha;;
vorname;ledwenko;;
vorname;berthold;;
vorname;rüdiger;;
vorname;bernhard;;
vorname;bartholomäus;;
vorname;koloman;;
vorname;margaretha;;
vorname;gregor;;
vorname;andre;;
vorname;mathes;;
vorname;baltasar;;
vorname;matheus;;
vorname;hedwig;;
vorname;benedict;;
vorname;seifried;;
vorname;reinprecht;;
vorname;kristoff;;
vorname;jan;;
vorname;benedikt;;
vorname;kathrein;;
vorname;paulln;;
vorname;augustin;;
vorname;alexander;;
vorname;jörgen;;
vorname;gabriel;;
vorname;wolf;;
vorname;matthias;;
vorname;hildebrand;;
vorname;markhard;;
vorname;gertrud;;
vorname;heirich;;
vorname;elsbeth;;
vorname;erhard;;
vorname;hainrich;;
vorname;georgius;;
vorname;purkhart;;
vorname;berchtold;;
vorname;stefan;;
vorname;kunz;;
vorname;werhart;;
vorname;wipold;;
vorname;maister;;
vorname;taman;;
vorname;zdenko;;
vorname;sittich;;
vorname;sixtus;;
vorname;lamprecht;;
vorname;kilian;;
vorname;ferdiand;;
vorname;heinrichen;;
vorname;valentin;;
vorname;moritz;;
vorname;paulus;;
vorname;daniel;;
vorname;erenbert;;
vorname;mechthild;;
vorname;afra;;
vorname;ruedl;;
vorname;anne;;
vorname;hainreich;;
vorname;gilg;;
vorname;mertt;;
vorname;margareta;;
vorname;ullrich;;
vorname;fabian;;
vorname;merttn;;
vorname;wolff;;
vorname;paull;;
vorname;zacharias;;
vorname;melchior;;
vorname;martein;;
vorname;christof;;
vorname;rupprecht;;
vorname;erasmus;;
vorname;matthäus;;
vorname;blasi;;
vorname;joachim;;
vorname;thomann;;
vorname;jacoben;;
vorname;wolffgang;;
vorname;leonhard;;
vorname;pangratzius;;
vorname;philip;;
vorname;valtin;;
vorname;magister;;
vorname;nicolaus;;
vorname;hanns;;mehrdeutig, vom Autor freigegeben
vorname;wilhelm;;mehrdeutig, vom Autor freigegeben
vorname;barbara;;mehrdeutig, vom Autor freigegeben
vorname;maria;;mehrdeutig, vom Autor freigegeben
vorname;karl;;mehrdeutig, vom Autor freigegeben
zusammenfuehren;kremms;krems;
zusammenfuehren;krembs;krems;
zusammenfuehren;steyn;stein;
zusammenfuehren;stain;stein;ältere Schreibung
zusammenfuehren;stayn;stein;ältere Schreibung
zusammenfuehren;wienn;wien;
zusammenfuehren;wyenn;wien;
zusammenfuehren;austeller;aussteller;
zusammenfuehren;wolffgang;wolfgang;
zusammenfuehren;beyden;beiden;
zusammenfuehren;erbschaftsssache;erbschaftssache;
zusammenfuehren;erbschaftsache;erbschaftssache;
zusammenfuehren;kremserr;kremser;
zusammenfuehren;ullrich;ulrich;
zusammenfuehren;margarethe;margarete;
zusammenfuehren;wittwe;witwe;
zusammenfuehren;stefan;steffan;
zusammenfuehren;hoff;hof;
zusammenfuehren;paull;paul;
zusammenfuehren;freyherr;freiherr;
zusammenfuehren;freyherrn;freiherrn;
zusammenfuehren;hauptmannn;hauptmann;
zusammenfuehren;hauptman;hauptmann;
zusammenfuehren;symon;simon;
zusammenfuehren;matthias;mathias;
zusammenfuehren;mautt;maut;
zusammenfuehren;mauttern;mautern;
zusammenfuehren;götweig;göttweig;
zusammenfuehren;frriedrich;friedrich;
zusammenfuehren;friiedrich;friedrich;
zusammenfuehren;friedrichn;friedrich;
zusammenfuehren;pfen;pfennig;Abkürzung für Pfennig
beugung;bürgern;bürger;
beugung;bürgers;bürger;
beugung;städte;stadt;
beugung;städten;stadt;
beugung;kaisers;kaiser;
beugung;rates;rat;
beugung;rats;rat;
beugung;räte;rat;
beugung;richtern;richter;
beugung;weingärten;weingarten;
beugung;ausstellers;aussteller;
beugung;herzöge;herzog;
beugung;häuser;haus;
beugung;pflegern;pfleger;
beugung;pfarrers;pfarrer;
beugung;klosters;kloster;
beugung;keine;kein;
beugung;keinen;kein;
beugung;sollten;sollte;
beugung;urkunden;urkunde;
beugung;burgherrn;burgherr;
beugung;neuen;neu;
beugung;herren;herr;
beugung;herrn;herr;
beugung;rittern;ritter;
beugung;freiheiten;freiheit;
beugung;pfennige;pfennig;
beugung;burggrafen;burggraf;
beugung;tode;tod;
beugung;feinde;feind;
beugung;angelegenheiten;angelegenheit;
beugung;knechten;knecht;
beugung;ulrichs;ulrich;
